Date,Ticker,Close,Volume
2024-03-11,EXUS,28.44499969482422,814.0
2024-03-18,EXUS,29.045000076293945,15983.0
2024-03-25,EXUS,29.280000686645508,31998.0
2024-04-01,EXUS,28.829999923706055,66616.0
2024-04-08,EXUS,28.889999389648438,86155.0
2024-04-15,EXUS,28.3799991607666,82654.0
2024-04-22,EXUS,28.809999465942383,90925.0
2024-04-29,EXUS,28.774999618530273,28343.0
2024-05-06,EXUS,29.420000076293945,72242.0
2024-05-13,EXUS,29.55500030517578,67744.0
2024-05-20,EXUS,29.434999465942383,66865.0
2024-05-27,EXUS,29.329999923706055,54129.0
2024-06-03,EXUS,29.59000015258789,65589.0
2024-06-10,EXUS,29.079999923706055,123367.0
2024-06-17,EXUS,29.170000076293945,111014.0
2024-06-24,EXUS,29.325000762939453,51193.0
2024-07-01,EXUS,29.549999237060547,99211.0
2024-07-08,EXUS,30.05500030517578,65399.0
2024-07-15,EXUS,29.354999542236328,124512.0
2024-07-22,EXUS,29.315000534057617,73774.0
2024-07-29,EXUS,28.19499969482422,78143.0
2024-08-05,EXUS,28.3799991607666,176823.0
2024-08-12,EXUS,29.290000915527344,58047.0
2024-08-19,EXUS,29.68000030517578,55430.0
2024-08-26,EXUS,30.06999969482422,48644.0
2024-09-02,EXUS,28.9950008392334,106728.0
2024-09-09,EXUS,29.65999984741211,50644.0
2024-09-16,EXUS,29.69499969482422,55408.0
2024-09-23,EXUS,30.385000228881836,42464.0
2024-09-30,EXUS,30.260000228881836,80870.0
2024-10-07,EXUS,30.350000381469727,77452.0
2024-10-14,EXUS,30.395000457763672,137832.0
2024-10-21,EXUS,29.989999771118164,71812.0
2024-10-28,EXUS,29.670000076293945,99032.0
2024-11-04,EXUS,29.8799991607666,99643.0
2024-11-11,EXUS,29.780000686645508,77704.0
2024-11-18,EXUS,30.360000610351562,178543.0
2024-11-25,EXUS,30.385000228881836,141064.0
2024-12-02,EXUS,30.81999969482422,203242.0
2024-12-09,EXUS,30.5,130842.0
2024-12-16,EXUS,29.764999389648438,225734.0
2024-12-23,EXUS,29.954999923706055,75121.0
2024-12-30,EXUS,30.200000762939453,513381.0
2025-01-06,EXUS,30.524999618530273,169920.0
2025-01-13,EXUS,30.7450008392334,209349.0
2025-01-20,EXUS,31.059999465942383,184170.0
2025-01-27,EXUS,31.56999969482422,545814.0
2025-02-03,EXUS,31.729999542236328,291335.0
2025-02-10,EXUS,32.04999923706055,362833.0
2025-02-17,EXUS,32.125,518823.0
2025-02-24,EXUS,32.025001525878906,598716.0
2025-03-03,EXUS,31.459999084472656,902608.0
2025-03-10,EXUS,31.135000228881836,689584.0
2025-03-17,EXUS,31.510000228881836,827888.0
2025-03-24,EXUS,31.03499984741211,612349.0
2025-03-31,EXUS,28.3799991607666,754478.0
2025-04-07,EXUS,28.010000228881836,1281511.0
2025-04-14,EXUS,29.19499969482422,615624.0
2025-04-21,EXUS,30.03499984741211,655207.0
2025-04-28,EXUS,30.899999618530273,515368.0
2025-05-05,EXUS,31.19499969482422,641586.0
2025-05-12,EXUS,31.885000228881836,500918.0
2025-05-19,EXUS,31.65999984741211,532170.0
2025-05-26,EXUS,31.979999542236328,331659.0
2025-06-02,EXUS,32.084999084472656,571011.0
2025-06-09,EXUS,31.770000457763672,351017.0
2025-06-16,EXUS,31.3700008392334,442306.0
2025-06-23,EXUS,31.850000381469727,408539.0
2025-06-30,EXUS,31.610000610351562,470962.0
2025-07-07,EXUS,31.665000915527344,333704.0
2025-07-14,EXUS,31.719999313354492,353913.0
2025-07-21,EXUS,32.10499954223633,276990.0
2025-07-28,EXUS,31.399999618530273,468131.0
2025-08-04,EXUS,32.3849983215332,346123.0
2025-08-11,EXUS,32.810001373291016,307744.0
2025-08-18,EXUS,33.11000061035156,580585.0
2025-08-25,EXUS,32.64500045776367,482139.0
2025-09-01,EXUS,32.66999816894531,488903.0
2025-09-08,EXUS,33.119998931884766,455288.0
2025-09-15,EXUS,33.1150016784668,560853.0
2025-09-22,EXUS,33.07500076293945,534581.0
2025-09-29,EXUS,33.154998779296875,69726.0
2020-01-06,SXR8,293.0899963378906,118471.0
2020-01-13,SXR8,297.9100036621094,85491.0
2020-01-20,SXR8,299.1099853515625,315926.0
2020-01-27,SXR8,290.95001220703125,233692.0
2020-02-03,SXR8,303.4200134277344,262669.0
2020-02-10,SXR8,310.4100036621094,143411.0
2020-02-17,SXR8,307.0799865722656,156253.0
2020-02-24,SXR8,264.5,452334.0
2020-03-02,SXR8,260.20001220703125,561674.0
2020-03-09,SXR8,228.61000061035156,497402.0
2020-03-16,SXR8,221.4499969482422,458135.0
2020-03-23,SXR8,229.8699951171875,373732.0
2020-03-30,SXR8,230.60000610351562,293450.0
2020-04-06,SXR8,255.17999267578125,252982.0
2020-04-13,SXR8,260.6700134277344,193049.0
2020-04-20,SXR8,258.79998779296875,163124.0
2020-04-27,SXR8,265.9599914550781,129752.0
2020-05-04,SXR8,268.8399963378906,209157.0
2020-05-11,SXR8,261.7699890136719,523386.0
2020-05-18,SXR8,269.9100036621094,175209.0
2020-05-25,SXR8,271.239990234375,180611.0
2020-06-01,SXR8,284.1099853515625,184378.0
2020-06-08,SXR8,270.57000732421875,263114.0
2020-06-15,SXR8,280.4599914550781,281186.0
2020-06-22,SXR8,270.760009765625,279625.0
2020-06-29,SXR8,278.54998779296875,136185.0
2020-07-06,SXR8,280.2300109863281,175635.0
2020-07-13,SXR8,282.5299987792969,113025.0
2020-07-20,SXR8,277.55999755859375,122270.0
2020-07-27,SXR8,275.2200012207031,76060.0
2020-08-03,SXR8,284.95001220703125,108963.0
2020-08-10,SXR8,286.5400085449219,89290.0
2020-08-17,SXR8,288.7099914550781,66197.0
2020-08-24,SXR8,294.9100036621094,62003.0
2020-08-31,SXR8,287.6300048828125,110170.0
2020-09-07,SXR8,284.5400085449219,199452.0
2020-09-14,SXR8,282.67999267578125,138480.0
2020-09-21,SXR8,282.7200012207031,115610.0
2020-09-28,SXR8,287.8299865722656,128526.0
2020-10-05,SXR8,295.1400146484375,107791.0
2020-10-12,SXR8,300.70001220703125,145152.0
2020-10-19,SXR8,293.4599914550781,150041.0
2020-10-26,SXR8,281.989990234375,181216.0
2020-11-02,SXR8,297.25,217449.0
2020-11-09,SXR8,303.44000244140625,176006.0
2020-11-16,SXR8,304.19000244140625,146243.0
2020-11-23,SXR8,306.7300109863281,108505.0
2020-11-30,SXR8,306.7200012207031,115401.0
2020-12-07,SXR8,303.3999938964844,138216.0
2020-12-14,SXR8,305.0799865722656,106041.0
2020-12-21,SXR8,306.3299865722656,62557.0
2020-12-28,SXR8,307.3900146484375,41318.0
2021-01-04,SXR8,314.010009765625,141964.0
2021-01-11,SXR8,315.20001220703125,107746.0
2021-01-18,SXR8,318.3599853515625,86375.0
2021-01-25,SXR8,310.55999755859375,127936.0
2021-02-01,SXR8,326.45001220703125,182593.0
2021-02-08,SXR8,327.0199890136719,126503.0
2021-02-15,SXR8,327.260009765625,124067.0
2021-02-22,SXR8,321.1199951171875,173501.0
2021-03-01,SXR8,318.1199951171875,195722.0
2021-03-08,SXR8,332.3599853515625,148062.0
2021-03-15,SXR8,333.3999938964844,119918.0
2021-03-22,SXR8,338.05999755859375,117383.0
2021-03-29,SXR8,344.69000244140625,108658.0
2021-04-05,SXR8,349.5799865722656,128107.0
2021-04-12,SXR8,353.19000244140625,121669.0
2021-04-19,SXR8,350.6499938964844,115132.0
2021-04-26,SXR8,352.29998779296875,108594.0
2021-05-03,SXR8,353.239990234375,129632.0
2021-05-10,SXR8,347.8800048828125,142556.0
2021-05-17,SXR8,347.1000061035156,157204.0
2021-05-24,SXR8,350.5,87493.0
2021-05-31,SXR8,351.9100036621094,121037.0
2021-06-07,SXR8,355.5400085449219,92959.0
2021-06-14,SXR8,357.67999267578125,110695.0
2021-06-21,SXR8,363.67999267578125,160049.0
2021-06-28,SXR8,371.6000061035156,124727.0
2021-07-05,SXR8,373.6700134277344,144180.0
2021-07-12,SXR8,374.0,84953.0
2021-07-19,SXR8,380.5,1348448.0
2021-07-26,SXR8,376.5899963378906,78818.0
2021-08-02,SXR8,382.94000244140625,95804.0
2021-08-09,SXR8,384.79998779296875,104978.0
2021-08-16,SXR8,386.0899963378906,94804.0
2021-08-23,SXR8,388.5400085449219,89265.0
2021-08-30,SXR8,388.4599914550781,123587.0
2021-09-06,SXR8,385.67999267578125,106484.0
2021-09-13,SXR8,384.9200134277344,90573.0
2021-09-20,SXR8,385.94000244140625,141480.0
2021-09-27,SXR8,379.92999267578125,152137.0
2021-10-04,SXR8,387.1000061035156,140457.0
2021-10-11,SXR8,392.29998779296875,129782.0
2021-10-18,SXR8,397.010009765625,124392.0
2021-10-25,SXR8,405.0400085449219,121809.0
2021-11-01,SXR8,414.9700012207031,1162172.0
2021-11-08,SXR8,416.7699890136719,122500.0
2021-11-15,SXR8,424.32000732421875,1400384.0
2021-11-22,SXR8,414.239990234375,220709.0
2021-11-29,SXR8,409.7200012207031,241990.0
2021-12-06,SXR8,422.17999267578125,236843.0
2021-12-13,SXR8,420.3500061035156,144897.0
2021-12-20,SXR8,426.82000732421875,110400.0
2021-12-27,SXR8,432.6300048828125,93064.0
2022-01-03,SXR8,421.3500061035156,192247.0
2022-01-10,SXR8,414.6199951171875,194494.0
2022-01-17,SXR8,403.739990234375,461756.0
2022-01-24,SXR8,399.2099914550781,339559.0
2022-01-31,SXR8,400.0199890136719,202013.0
2022-02-07,SXR8,402.0799865722656,176117.0
2022-02-14,SXR8,392.9800109863281,177490.0
2022-02-21,SXR8,396.3500061035156,265022.0
2022-02-28,SXR8,401.8599853515625,184609.0
2022-03-07,SXR8,397.3599853515625,216925.0
2022-03-14,SXR8,409.989990234375,191825.0
2022-03-21,SXR8,420.95001220703125,167644.0
2022-03-28,SXR8,419.9200134277344,211136.0
2022-04-04,SXR8,424.32000732421875,192542.0
2022-04-11,SXR8,420.45001220703125,131560.0
2022-04-18,SXR8,411.70001220703125,159134.0
2022-04-25,SXR8,410.9200134277344,245133.0
2022-05-02,SXR8,399.54998779296875,196212.0
2022-05-09,SXR8,396.1600036621094,235736.0
2022-05-16,SXR8,376.69000244140625,172375.0
2022-05-23,SXR8,395.2300109863281,186763.0
2022-05-30,SXR8,393.3999938964844,142065.0
2022-06-06,SXR8,381.0299987792969,130782.0
2022-06-13,SXR8,360.260009765625,316112.0
2022-06-20,SXR8,377.9100036621094,212674.0
2022-06-27,SXR8,373.70001220703125,135218.0
2022-07-04,SXR8,395.0,154893.0
2022-07-11,SXR8,393.0,146078.0
2022-07-18,SXR8,399.3999938964844,172941.0
2022-07-25,SXR8,413.1000061035156,130240.0
2022-08-01,SXR8,416.7900085449219,277745.0
2022-08-08,SXR8,426.0,146716.0
2022-08-15,SXR8,433.2300109863281,110052.0
2022-08-22,SXR8,424.0,121906.0
2022-08-29,SXR8,412.1600036621094,171014.0
2022-09-05,SXR8,416.489990234375,132564.0
2022-09-12,SXR8,396.2200012207031,133495.0
2022-09-19,SXR8,391.44000244140625,132475.0
2022-09-26,SXR8,385.4599914550781,218850.0
2022-10-03,SXR8,387.1700134277344,323983.0
2022-10-10,SXR8,383.55999755859375,256574.0
2022-10-17,SXR8,389.04998779296875,188870.0
2022-10-24,SXR8,400.75,150339.0
2022-10-31,SXR8,388.3800048828125,258895.0
2022-11-07,SXR8,395.7699890136719,285143.0
2022-11-14,SXR8,395.260009765625,133589.0
2022-11-21,SXR8,400.20001220703125,95477.0
2022-11-28,SXR8,398.7200012207031,128936.0
2022-12-05,SXR8,389.25,162227.0
2022-12-12,SXR8,375.3299865722656,170733.0
2022-12-19,SXR8,373.05999755859375,124237.0
2022-12-26,SXR8,370.7300109863281,81182.0
2023-01-02,SXR8,377.57000732421875,141589.0
2023-01-09,SXR8,380.1600036621094,169931.0
2023-01-16,SXR8,375.7900085449219,127410.0
2023-01-23,SXR8,387.760009765625,129176.0
2023-01-30,SXR8,399.5299987792969,224638.0
2023-02-06,SXR8,395.8399963378906,131386.0
2023-02-13,SXR8,393.92999267578125,95036.0
2023-02-20,SXR8,388.8699951171875,91166.0
2023-02-27,SXR8,392.95001220703125,124476.0
2023-03-06,SXR8,382.760009765625,161775.0
2023-03-13,SXR8,381.82000732421875,222921.0
2023-03-20,SXR8,380.3500061035156,159263.0
2023-03-27,SXR8,390.239990234375,107923.0
2023-04-03,SXR8,388.69000244140625,143049.0
2023-04-10,SXR8,390.6600036621094,121033.0
2023-04-17,SXR8,390.489990234375,105318.0
2023-04-24,SXR8,390.8900146484375,123952.0
2023-05-01,SXR8,388.8800048828125,107994.0
2023-05-08,SXR8,394.0299987792969,94145.0
2023-05-15,SXR8,402.82000732421875,101582.0
2023-05-22,SXR8,407.5,92206.0
2023-05-29,SXR8,414.989990234375,111441.0
2023-06-05,SXR8,416.4700012207031,227372.0
2023-06-12,SXR8,421.8599853515625,137289.0
2023-06-19,SXR8,416.1400146484375,111045.0
2023-06-26,SXR8,423.8800048828125,121428.0
2023-07-03,SXR8,420.1499938964844,103075.0
2023-07-10,SXR8,419.1199951171875,73591.0
2023-07-17,SXR8,426.7200012207031,85005.0
2023-07-24,SXR8,433.5400085449219,102410.0
2023-07-31,SXR8,427.6600036621094,145689.0
2023-08-07,SXR8,424.25,120121.0
2023-08-14,SXR8,418.70001220703125,156125.0
2023-08-21,SXR8,424.8699951171875,108637.0
2023-08-28,SXR8,436.6400146484375,99706.0
2023-09-04,SXR8,435.8800048828125,100762.0
2023-09-11,SXR8,437.1400146484375,94479.0
2023-09-18,SXR8,426.9700012207031,106523.0
2023-09-25,SXR8,426.2699890136719,146301.0
2023-10-02,SXR8,422.7099914550781,159053.0
2023-10-09,SXR8,431.8599853515625,140381.0
2023-10-16,SXR8,418.19000244140625,101808.0
2023-10-23,SXR8,409.30999755859375,144038.0
2023-10-30,SXR8,425.5799865722656,143569.0
2023-11-06,SXR8,429.1300048828125,105922.0
2023-11-13,SXR8,433.54998779296875,119275.0
2023-11-20,SXR8,436.510009765625,92977.0
2023-11-27,SXR8,441.239990234375,142748.0
2023-12-04,SXR8,447.3699951171875,44622.0
2023-12-11,SXR8,453.45001220703125,174571.0
2023-12-18,SXR8,453.2300109863281,126336.0
2023-12-25,SXR8,454.0400085449219,58445.0
2024-01-01,SXR8,450.5400085449219,190301.0
2024-01-08,SXR8,457.2900085449219,172381.0
2024-01-15,SXR8,462.8699951171875,140327.0
2024-01-22,SXR8,473.30999755859375,144058.0
2024-01-29,SXR8,481.2099914550781,166949.0
2024-02-05,SXR8,487.5799865722656,118151.0
2024-02-12,SXR8,490.17999267578125,141122.0
2024-02-19,SXR8,494.2699890136719,103466.0
2024-02-26,SXR8,496.25,130372.0
2024-03-04,SXR8,495.25,131151.0
2024-03-11,SXR8,493.7200012207031,100830.0
2024-03-18,SXR8,509.05999755859375,96102.0
2024-03-25,SXR8,511.5,117172.0
2024-04-01,SXR8,504.8599853515625,129816.0
2024-04-08,SXR8,509.6400146484375,135390.0
2024-04-15,SXR8,492.5899963378906,153417.0
2024-04-22,SXR8,502.2200012207031,190652.0
2024-04-29,SXR8,499.9700012207031,116670.0
2024-05-06,SXR8,509.9200134277344,108637.0
2024-05-13,SXR8,513.219970703125,100383.0
2024-05-20,SXR8,514.6599731445312,118943.0
2024-05-27,SXR8,506.2799987792969,84604.0
2024-06-03,SXR8,522.7000122070312,123738.0
2024-06-10,SXR8,534.280029296875,146388.0
2024-06-17,SXR8,539.6599731445312,130168.0
2024-06-24,SXR8,541.5,102651.0
2024-07-01,SXR8,540.7999877929688,135073.0
2024-07-08,SXR8,545.1400146484375,140339.0
2024-07-15,SXR8,534.5599975585938,148891.0
2024-07-22,SXR8,529.760009765625,133017.0
2024-07-29,SXR8,514.0999755859375,164582.0
2024-08-05,SXR8,514.780029296875,415783.0
2024-08-12,SXR8,532.0999755859375,262978.0
2024-08-19,SXR8,531.47998046875,105157.0
2024-08-26,SXR8,534.97998046875,83402.0
2024-09-02,SXR8,517.1199951171875,132863.0
2024-09-09,SXR8,536.9199829101562,115390.0
2024-09-16,SXR8,539.719970703125,135028.0
2024-09-23,SXR8,544.8599853515625,112096.0
2024-09-30,SXR8,551.0,181130.0
2024-10-07,SXR8,561.739990234375,172861.0
2024-10-14,SXR8,571.1400146484375,165608.0
2024-10-21,SXR8,571.6799926757812,138167.0
2024-10-28,SXR8,561.739990234375,200176.0
2024-11-04,SXR8,591.9400024414062,290415.0
2024-11-11,SXR8,590.1799926757812,609146.0
2024-11-18,SXR8,606.760009765625,613367.0
2024-11-25,SXR8,605.8800048828125,474033.0
2024-12-02,SXR8,610.739990234375,849981.0
2024-12-09,SXR8,611.4400024414062,266809.0
2024-12-16,SXR8,606.4199829101562,299451.0
2024-12-23,SXR8,607.0800170898438,103458.0
2024-12-30,SXR8,610.4199829101562,183271.0
2025-01-06,SXR8,602.9199829101562,243274.0
2025-01-13,SXR8,618.6799926757812,204006.0
2025-01-20,SXR8,617.6400146484375,553019.0
2025-01-27,SXR8,623.8200073242188,411716.0
2025-02-03,SXR8,620.2000122070312,327904.0
2025-02-10,SXR8,618.239990234375,168515.0
2025-02-17,SXR8,618.4199829101562,646919.0
2025-02-24,SXR8,601.1199951171875,251999.0
2025-03-03,SXR8,556.9400024414062,522095.0
2025-03-10,SXR8,549.0,483749.0
2025-03-17,SXR8,554.52001953125,280175.0
2025-03-24,SXR8,549.0399780273438,217331.0
2025-03-31,SXR8,501.0799865722656,462586.0
2025-04-07,SXR8,492.6300048828125,843562.0
2025-04-14,SXR8,494.9200134277344,254428.0
2025-04-21,SXR8,512.6799926757812,203055.0
2025-04-28,SXR8,532.3599853515625,168510.0
2025-05-05,SXR8,535.47998046875,177857.0
2025-05-12,SXR8,566.1799926757812,272624.0
2025-05-19,SXR8,544.8599853515625,183591.0
2025-05-26,SXR8,553.3200073242188,125534.0
2025-06-02,SXR8,560.1400146484375,158734.0
2025-06-09,SXR8,553.9199829101562,155180.0
2025-06-16,SXR8,553.4199829101562,130013.0
2025-06-23,SXR8,562.47998046875,152864.0
2025-06-30,SXR8,565.0599975585938,159951.0
2025-07-07,SXR8,570.6599731445312,122833.0
2025-07-14,SXR8,576.47998046875,124872.0
2025-07-21,SXR8,580.0800170898438,128238.0
2025-07-28,SXR8,576.0399780273438,201369.0
2025-08-04,SXR8,583.1799926757812,123480.0
2025-08-11,SXR8,588.280029296875,128024.0
2025-08-18,SXR8,590.2999877929688,124239.0
2025-08-25,SXR8,589.2000122070312,137637.0
2025-09-01,SXR8,588.719970703125,170500.0
2025-09-08,SXR8,600.5399780273438,149149.0
2025-09-15,SXR8,603.9600219726562,202519.0
2025-09-22,SXR8,605.0800170898438,250727.0
2020-01-06,8PSG,136.1999969482422,76913.0
2020-01-13,8PSG,136.25,72319.0
2020-01-20,8PSG,138.38999938964844,113870.0
2020-01-27,8PSG,138.89999389648438,61263.0
2020-02-03,8PSG,138.72000122070312,65365.0
2020-02-10,8PSG,141.52000427246094,46092.0
2020-02-17,8PSG,146.55999755859375,64676.0
2020-02-24,8PSG,140.16000366210938,104792.0
2020-03-02,8PSG,142.89999389648438,35869.0
2020-03-09,8PSG,133.6199951171875,112700.0
2020-03-16,8PSG,134.9600067138672,58648.0
2020-03-23,8PSG,142.6199951171875,87922.0
2020-03-30,8PSG,145.27000427246094,138941.0
2020-04-06,8PSG,149.10000610351562,56232.0
2020-04-13,8PSG,151.02999877929688,93054.0
2020-04-20,8PSG,153.88999938964844,77039.0
2020-04-27,8PSG,150.85000610351562,46712.0
2020-05-04,8PSG,153.00999450683594,79472.0
2020-05-11,8PSG,156.41000366210938,72470.0
2020-05-18,8PSG,154.22000122070312,69689.0
2020-05-25,8PSG,151.1999969482422,238767.0
2020-06-01,8PSG,144.0,102177.0
2020-06-08,8PSG,149.39999389648438,196969.0
2020-06-15,8PSG,150.77999877929688,130999.0
2020-06-22,8PSG,152.60000610351562,51845.0
2020-06-29,8PSG,153.08999633789062,31468.0
2020-07-06,8PSG,154.1199951171875,51650.0
2020-07-13,8PSG,153.5500030517578,27334.0
2020-07-20,8PSG,158.2100067138672,49354.0
2020-07-27,8PSG,162.0,34205.0
2020-08-03,8PSG,166.9199981689453,23545.0
2020-08-10,8PSG,159.27999877929688,45851.0
2020-08-17,8PSG,159.47000122070312,46675.0
2020-08-24,8PSG,160.52999877929688,48172.0
2020-08-31,8PSG,157.97000122070312,78597.0
2020-09-07,8PSG,159.7100067138672,70991.0
2020-09-14,8PSG,159.5500030517578,58217.0
2020-09-21,8PSG,155.52999877929688,136579.0
2020-09-28,8PSG,157.6999969482422,133281.0
2020-10-05,8PSG,157.9499969482422,75632.0
2020-10-12,8PSG,157.07000732421875,136131.0
2020-10-19,8PSG,155.35000610351562,48811.0
2020-10-26,8PSG,156.33999633789062,42830.0
2020-11-02,8PSG,159.19000244140625,68841.0
2020-11-09,8PSG,155.00999450683594,57202.0
2020-11-16,8PSG,153.07000732421875,33663.0
2020-11-23,8PSG,144.8300018310547,113248.0
2020-11-30,8PSG,146.33999633789062,118192.0
2020-12-07,8PSG,147.47000122070312,58944.0
2020-12-14,8PSG,149.2100067138672,47021.0
2020-12-21,8PSG,148.75,19372.0
2020-12-28,8PSG,148.22999572753906,5129.0
2021-01-04,8PSG,147.1300048828125,31568.0
2021-01-11,8PSG,146.41000366210938,23755.0
2021-01-18,8PSG,147.50999450683594,27240.0
2021-01-25,8PSG,148.22999572753906,14689.0
2021-02-01,8PSG,145.72999572753906,69299.0
2021-02-08,8PSG,145.92999267578125,14801.0
2021-02-15,8PSG,142.60000610351562,80497.0
2021-02-22,8PSG,137.8300018310547,83778.0
2021-03-01,8PSG,137.80999755859375,157406.0
2021-03-08,8PSG,138.8699951171875,48958.0
2021-03-15,8PSG,141.50999450683594,19584.0
2021-03-22,8PSG,142.25999450683594,19521.0
2021-03-29,8PSG,142.27000427246094,17166.0
2021-04-05,8PSG,142.00999450683594,27717.0
2021-04-12,8PSG,143.7100067138672,40853.0
2021-04-19,8PSG,142.58999633789062,18316.0
2021-04-26,8PSG,142.2100067138672,13064.0
2021-05-03,8PSG,146.0800018310547,73427.0
2021-05-10,8PSG,146.72000122070312,32142.0
2021-05-17,8PSG,149.05999755859375,98354.0
2021-05-24,8PSG,150.38999938964844,18050.0
2021-05-31,8PSG,150.58999633789062,43508.0
2021-06-07,8PSG,150.17999267578125,114633.0
2021-06-14,8PSG,145.07000732421875,99407.0
2021-06-21,8PSG,144.3000030517578,84297.0
2021-06-28,8PSG,145.6999969482422,72914.0
2021-07-05,8PSG,147.66000366210938,52505.0
2021-07-12,8PSG,148.47000122070312,18424.0
2021-07-19,8PSG,148.1699981689453,21515.0
2021-07-26,8PSG,148.6999969482422,47238.0
2021-08-02,8PSG,144.88999938964844,42250.0
2021-08-09,8PSG,145.7899932861328,118638.0
2021-08-16,8PSG,147.7899932861328,57875.0
2021-08-23,8PSG,148.47000122070312,38610.0
2021-08-30,8PSG,149.0399932861328,20794.0
2021-09-06,8PSG,146.77999877929688,30572.0
2021-09-13,8PSG,144.63999938964844,21968.0
2021-09-20,8PSG,144.75999450683594,28024.0
2021-09-27,8PSG,146.88999938964844,29480.0
2021-10-04,8PSG,146.8800048828125,32041.0
2021-10-11,8PSG,147.80999755859375,26665.0
2021-10-18,8PSG,149.10000610351562,17726.0
2021-10-25,8PSG,148.7899932861328,17471.0
2021-11-01,8PSG,151.6999969482422,23446.0
2021-11-08,8PSG,157.4199981689453,107557.0
2021-11-15,8PSG,158.80999755859375,28465.0
2021-11-22,8PSG,153.52000427246094,26910.0
2021-11-29,8PSG,152.08999633789062,39058.0
2021-12-06,8PSG,152.69000244140625,32370.0
2021-12-13,8PSG,154.7100067138672,36548.0
2021-12-20,8PSG,154.47999572753906,28485.0
2021-12-27,8PSG,153.8800048828125,17388.0
2022-01-03,8PSG,152.74000549316406,32580.0
2022-01-10,8PSG,154.1199951171875,51743.0
2022-01-17,8PSG,156.4199981689453,31849.0
2022-01-24,8PSG,154.7100067138672,44160.0
2022-01-31,8PSG,152.57000732421875,48617.0
2022-02-07,8PSG,155.61000061035156,53550.0
2022-02-14,8PSG,161.52000427246094,77452.0
2022-02-21,8PSG,162.13999938964844,285659.0
2022-02-28,8PSG,173.80999755859375,260568.0
2022-03-07,8PSG,175.3000030517578,353245.0
2022-03-14,8PSG,168.3699951171875,127669.0
2022-03-21,8PSG,172.27999877929688,111339.0
2022-03-28,8PSG,168.89999389648438,130304.0
2022-04-04,8PSG,172.9600067138672,85823.0
2022-04-11,8PSG,175.97000122070312,46708.0
2022-04-18,8PSG,173.10000610351562,58218.0
2022-04-25,8PSG,174.9499969482422,54965.0
2022-05-02,8PSG,172.58999633789062,73120.0
2022-05-09,8PSG,168.27000427246094,71488.0
2022-05-16,8PSG,168.8699951171875,56100.0
2022-05-23,8PSG,167.4600067138672,203023.0
2022-05-30,8PSG,167.13999938964844,66002.0
2022-06-06,8PSG,167.13999938964844,0.0
2022-06-13,8PSG,167.13999938964844,0.0
2022-06-20,8PSG,167.13999938964844,0.0
2022-06-27,8PSG,167.13999938964844,0.0
2022-07-04,8PSG,167.13999938964844,0.0
2022-07-11,8PSG,167.13999938964844,0.0
2022-07-18,8PSG,167.13999938964844,0.0
2022-07-25,8PSG,167.13999938964844,0.0
2022-08-01,8PSG,167.13999938964844,0.0
2022-08-08,8PSG,167.13999938964844,0.0
2022-08-15,8PSG,167.13999938964844,0.0
2022-08-22,8PSG,167.13999938964844,0.0
2022-08-29,8PSG,167.13999938964844,0.0
2022-09-05,8PSG,167.13999938964844,0.0
2022-09-12,8PSG,167.13999938964844,0.0
2022-09-19,8PSG,167.13999938964844,0.0
2022-09-26,8PSG,167.13999938964844,0.0
2022-10-03,8PSG,167.13999938964844,0.0
2022-10-10,8PSG,167.13999938964844,0.0
2022-10-17,8PSG,167.13999938964844,0.0
2022-10-24,8PSG,167.13999938964844,0.0
2022-10-31,8PSG,167.13999938964844,0.0
2022-11-07,8PSG,167.13999938964844,0.0
2022-11-14,8PSG,167.13999938964844,0.0
2022-11-21,8PSG,167.13999938964844,0.0
2022-11-28,8PSG,167.13999938964844,0.0
2022-12-05,8PSG,167.13999938964844,0.0
2022-12-12,8PSG,167.13999938964844,0.0
2022-12-19,8PSG,167.13999938964844,0.0
2022-12-26,8PSG,167.13999938964844,0.0
2023-01-02,8PSG,167.13999938964844,0.0
2023-01-09,8PSG,167.13999938964844,0.0
2023-01-16,8PSG,167.13999938964844,0.0
2023-01-23,8PSG,167.13999938964844,0.0
2023-01-30,8PSG,167.13999938964844,0.0
2023-02-06,8PSG,167.13999938964844,0.0
2023-02-13,8PSG,167.13999938964844,0.0
2023-02-20,8PSG,167.13999938964844,0.0
2023-02-27,8PSG,167.13999938964844,0.0
2023-03-06,8PSG,167.13999938964844,0.0
2023-03-13,8PSG,167.13999938964844,0.0
2023-03-20,8PSG,167.13999938964844,0.0
2023-03-27,8PSG,167.13999938964844,0.0
2023-04-03,8PSG,167.13999938964844,0.0
2023-04-10,8PSG,167.13999938964844,0.0
2023-04-17,8PSG,167.13999938964844,0.0
2023-04-24,8PSG,167.13999938964844,0.0
2023-05-01,8PSG,167.13999938964844,0.0
2023-05-08,8PSG,167.13999938964844,0.0
2023-05-15,8PSG,167.13999938964844,0.0
2023-05-22,8PSG,167.13999938964844,0.0
2023-05-29,8PSG,167.13999938964844,0.0
2023-06-05,8PSG,167.13999938964844,0.0
2023-06-12,8PSG,167.13999938964844,0.0
2023-06-19,8PSG,167.13999938964844,0.0
2023-06-26,8PSG,167.13999938964844,0.0
2023-07-03,8PSG,167.13999938964844,0.0
2023-07-10,8PSG,167.13999938964844,0.0
2023-07-17,8PSG,167.13999938964844,0.0
2023-07-24,8PSG,167.13999938964844,0.0
2023-07-31,8PSG,167.13999938964844,0.0
2023-08-07,8PSG,167.13999938964844,0.0
2023-08-14,8PSG,167.13999938964844,0.0
2023-08-21,8PSG,167.13999938964844,0.0
2023-08-28,8PSG,167.13999938964844,0.0
2023-09-04,8PSG,167.13999938964844,0.0
2023-09-11,8PSG,167.13999938964844,0.0
2023-09-18,8PSG,167.13999938964844,0.0
2023-09-25,8PSG,167.13999938964844,0.0
2023-10-02,8PSG,167.13999938964844,0.0
2023-10-09,8PSG,167.13999938964844,0.0
2023-10-16,8PSG,167.13999938964844,0.0
2023-10-23,8PSG,167.13999938964844,0.0
2023-10-30,8PSG,167.13999938964844,0.0
2023-11-06,8PSG,167.13999938964844,0.0
2023-11-13,8PSG,167.13999938964844,0.0
2023-11-20,8PSG,167.13999938964844,0.0
2023-11-27,8PSG,167.13999938964844,0.0
2023-12-04,8PSG,167.13999938964844,0.0
2023-12-11,8PSG,167.13999938964844,0.0
2023-12-18,8PSG,167.13999938964844,0.0
2023-12-25,8PSG,167.13999938964844,0.0
2024-01-01,8PSG,167.13999938964844,0.0
2024-01-08,8PSG,167.13999938964844,0.0
2024-01-15,8PSG,167.13999938964844,0.0
2024-01-22,8PSG,167.13999938964844,0.0
2024-01-29,8PSG,167.13999938964844,0.0
2024-02-05,8PSG,180.8699951171875,8495.0
2024-02-12,8PSG,179.9499969482422,26160.0
2024-02-19,8PSG,181.57000732421875,26817.0
2024-02-26,8PSG,184.74000549316406,27457.0
2024-03-04,8PSG,191.8800048828125,42153.0
2024-03-11,8PSG,191.69000244140625,24474.0
2024-03-18,8PSG,193.25,30050.0
2024-03-25,8PSG,198.4499969482422,18516.0
2024-04-01,8PSG,206.97999572753906,76209.0
2024-04-08,8PSG,217.5,57792.0
2024-04-15,8PSG,216.33999633789062,32287.0
2024-04-22,8PSG,210.63999938964844,40189.0
2024-04-29,8PSG,205.39999389648438,33879.0
2024-05-06,8PSG,211.82000732421875,40034.0
2024-05-13,8PSG,213.6999969482422,33595.0
2024-05-20,8PSG,207.33999633789062,23413.0
2024-05-27,8PSG,207.0800018310547,16760.0
2024-06-03,8PSG,206.0,23713.0
2024-06-10,8PSG,209.75999450683594,33762.0
2024-06-17,8PSG,210.0800018310547,23574.0
2024-06-24,8PSG,209.60000610351562,20081.0
2024-07-01,8PSG,212.52000427246094,28989.0
2024-07-08,8PSG,213.27999877929688,30010.0
2024-07-15,8PSG,212.9199981689453,50047.0
2024-07-22,8PSG,211.89999389648438,34666.0
2024-07-29,8PSG,214.16000366210938,36538.0
2024-08-05,8PSG,214.39999389648438,36734.0
2024-08-12,8PSG,218.02000427246094,28495.0
2024-08-19,8PSG,216.8000030517578,17667.0
2024-08-26,8PSG,218.39999389648438,34109.0
2024-09-02,8PSG,218.5,63145.0
2024-09-09,8PSG,224.27999877929688,33655.0
2024-09-16,8PSG,226.33999633789062,33409.0
2024-09-23,8PSG,229.0,79145.0
2024-09-30,8PSG,233.6199951171875,76059.0
2024-10-07,8PSG,233.97999572753906,41800.0
2024-10-14,8PSG,241.17999267578125,39645.0
2024-10-21,8PSG,244.05999755859375,55960.0
2024-10-28,8PSG,243.9600067138672,38495.0
2024-11-04,8PSG,241.36000061035156,42090.0
2024-11-11,8PSG,234.32000732421875,63148.0
2024-11-18,8PSG,250.5,73107.0
2024-11-25,8PSG,243.17999267578125,44134.0
2024-12-02,8PSG,240.77999877929688,47345.0
2024-12-09,8PSG,244.39999389648438,54157.0
2024-12-16,8PSG,242.72000122070312,39505.0
2024-12-23,8PSG,242.27999877929688,13780.0
2024-12-30,8PSG,247.3000030517578,21507.0
2025-01-06,8PSG,253.47999572753906,57985.0
2025-01-13,8PSG,254.16000366210938,52907.0
2025-01-20,8PSG,254.55999755859375,99314.0
2025-01-27,8PSG,260.1000061035156,81615.0
2025-02-03,8PSG,267.260009765625,120136.0
2025-02-10,8PSG,265.4599914550781,70853.0
2025-02-17,8PSG,270.82000732421875,60889.0
2025-02-24,8PSG,263.8999938964844,60929.0
2025-03-03,8PSG,258.9599914550781,69326.0
2025-03-10,8PSG,264.4200134277344,78236.0
2025-03-17,8PSG,268.6000061035156,61400.0
2025-03-24,8PSG,274.3599853515625,57333.0
2025-03-31,8PSG,264.8599853515625,108516.0
2025-04-07,8PSG,274.8800048828125,120895.0
2025-04-14,8PSG,279.0400085449219,53586.0
2025-04-21,8PSG,277.67999267578125,59911.0
2025-04-28,8PSG,275.4200134277344,51409.0
2025-05-05,8PSG,285.8599853515625,50947.0
2025-05-12,8PSG,274.8800048828125,71667.0
2025-05-19,8PSG,285.20001220703125,62838.0
2025-05-26,8PSG,279.3800048828125,78230.0
2025-06-02,8PSG,281.8599853515625,53813.0
2025-06-09,8PSG,285.0799865722656,49841.0
2025-06-16,8PSG,281.5199890136719,51823.0
2025-06-23,8PSG,269.05999755859375,43362.0
2025-06-30,8PSG,272.4800109863281,45333.0
2025-07-07,8PSG,276.9800109863281,35119.0
2025-07-14,8PSG,277.0799865722656,37602.0
2025-07-21,8PSG,273.5400085449219,61247.0
2025-07-28,8PSG,279.32000732421875,63253.0
2025-08-04,8PSG,280.3399963378906,64608.0
2025-08-11,8PSG,274.9200134277344,41615.0
2025-08-18,8PSG,277.5400085449219,30422.0
2025-08-25,8PSG,283.6000061035156,39817.0
2025-09-01,8PSG,294.29998779296875,106479.0
2025-09-08,8PSG,299.6600036621094,66990.0
2025-09-15,8PSG,301.1199951171875,50166.0
2025-09-22,8PSG,311.0199890136719,67534.0
2020-01-06,XMME,48.106998443603516,253130.0
2020-01-13,XMME,48.702999114990234,309417.0
2020-01-20,XMME,47.68000030517578,454500.0
2020-01-27,XMME,44.51900100708008,288033.0
2020-02-03,XMME,46.61199951171875,311995.0
2020-02-10,XMME,47.959999084472656,401816.0
2020-02-17,XMME,47.02299880981445,221588.0
2020-02-24,XMME,42.492000579833984,809946.0
2020-03-02,XMME,41.45100021362305,417469.0
2020-03-09,XMME,37.10200119018555,617516.0
2020-03-16,XMME,34.928001403808594,555291.0
2020-03-23,XMME,35.27199935913086,405446.0
2020-03-30,XMME,36.0369987487793,476475.0
2020-04-06,XMME,38.382999420166016,288220.0
2020-04-13,XMME,38.79800033569336,350871.0
2020-04-20,XMME,38.35599899291992,216302.0
2020-04-27,XMME,39.64400100708008,307124.0
2020-05-04,XMME,39.79399871826172,413170.0
2020-05-11,XMME,38.88199996948242,291927.0
2020-05-18,XMME,39.29199981689453,183039.0
2020-05-25,XMME,39.222999572753906,222628.0
2020-06-01,XMME,42.54100036621094,327894.0
2020-06-08,XMME,41.2859992980957,243352.0
2020-06-15,XMME,42.44200134277344,254925.0
2020-06-22,XMME,42.11199951171875,202859.0
2020-06-29,XMME,43.801998138427734,218572.0
2020-07-06,XMME,44.94499969482422,351771.0
2020-07-13,XMME,44.06100082397461,243132.0
2020-07-20,XMME,43.61600112915039,425649.0
2020-07-27,XMME,43.25,271277.0
2020-08-03,XMME,44.198001861572266,277607.0
2020-08-10,XMME,44.25,206067.0
2020-08-17,XMME,44.34000015258789,227172.0
2020-08-24,XMME,45.09700012207031,116081.0
2020-08-31,XMME,43.986000061035156,326703.0
2020-09-07,XMME,44.05799865722656,155729.0
2020-09-14,XMME,44.65299987792969,127374.0
2020-09-21,XMME,43.415000915527344,235736.0
2020-09-28,XMME,44.66999816894531,231640.0
2020-10-05,XMME,45.92300033569336,262766.0
2020-10-12,XMME,45.96900177001953,278862.0
2020-10-19,XMME,45.90999984741211,100743.0
2020-10-26,XMME,45.21799850463867,215582.0
2020-11-02,XMME,47.448001861572266,280909.0
2020-11-09,XMME,48.03499984741211,508269.0
2020-11-16,XMME,48.90399932861328,331190.0
2020-11-23,XMME,49.547000885009766,374385.0
2020-11-30,XMME,49.49700164794922,704114.0
2020-12-07,XMME,49.64500045776367,281931.0
2020-12-14,XMME,49.861000061035156,487968.0
2020-12-21,XMME,49.507999420166016,250652.0
2020-12-28,XMME,50.34600067138672,157291.0
2021-01-04,XMME,53.21200180053711,957771.0
2021-01-11,XMME,53.97200012207031,454135.0
2021-01-18,XMME,54.731998443603516,617234.0
2021-01-25,XMME,52.821998596191406,422819.0
2021-02-01,XMME,55.948001861572266,427483.0
2021-02-08,XMME,57.25400161743164,415624.0
2021-02-15,XMME,56.99800109863281,322127.0
2021-02-22,XMME,53.391998291015625,391593.0
2021-03-01,XMME,53.369998931884766,1098599.0
2021-03-08,XMME,53.95600128173828,562360.0
2021-03-15,XMME,54.15999984741211,271069.0
2021-03-22,XMME,53.02399826049805,312610.0
2021-03-29,XMME,54.80400085449219,247014.0
2021-04-05,XMME,53.608001708984375,372269.0
2021-04-12,XMME,54.077999114990234,402732.0
2021-04-19,XMME,53.987998962402344,405640.0
2021-04-26,XMME,53.689998626708984,229848.0
2021-05-03,XMME,54.04199981689453,455348.0
2021-05-10,XMME,52.130001068115234,336100.0
2021-05-17,XMME,52.42599868774414,239492.0
2021-05-24,XMME,54.034000396728516,120101.0
2021-05-31,XMME,55.06999969482422,321746.0
2021-06-07,XMME,54.95399856567383,203461.0
2021-06-14,XMME,55.11000061035156,356223.0
2021-06-21,XMME,55.9119987487793,353654.0
2021-06-28,XMME,55.571998596191406,277202.0
2021-07-05,XMME,54.290000915527344,459985.0
2021-07-12,XMME,54.87200164794922,482978.0
2021-07-19,XMME,53.763999938964844,194072.0
2021-07-26,XMME,52.60599899291992,374566.0
2021-08-02,XMME,53.24399948120117,335337.0
2021-08-09,XMME,52.85599899291992,231008.0
2021-08-16,XMME,51.10200119018555,312819.0
2021-08-23,XMME,52.72800064086914,300280.0
2021-08-30,XMME,53.90800094604492,487079.0
2021-09-06,XMME,53.63800048828125,256579.0
2021-09-13,XMME,52.70000076293945,208504.0
2021-09-20,XMME,52.1619987487793,307851.0
2021-09-27,XMME,52.02199935913086,390935.0
2021-10-04,XMME,52.7599983215332,226840.0
2021-10-11,XMME,54.0099983215332,292467.0
2021-10-18,XMME,53.88800048828125,586118.0
2021-10-25,XMME,53.12799835205078,404199.0
2021-11-01,XMME,53.29199981689453,355958.0
2021-11-08,XMME,54.986000061035156,209213.0
2021-11-15,XMME,54.61199951171875,415616.0
2021-11-22,XMME,51.880001068115234,324375.0
2021-11-29,XMME,52.47999954223633,455017.0
2021-12-06,XMME,53.433998107910156,363375.0
2021-12-13,XMME,52.4900016784668,572045.0
2021-12-20,XMME,52.93600082397461,382692.0
2021-12-27,XMME,52.737998962402344,133959.0
2022-01-03,XMME,52.90399932861328,620647.0
2022-01-10,XMME,53.83399963378906,241839.0
2022-01-17,XMME,53.619998931884766,539871.0
2022-01-24,XMME,51.90999984741211,264666.0
2022-01-31,XMME,52.1619987487793,581029.0
2022-02-07,XMME,53.417999267578125,154372.0
2022-02-14,XMME,52.900001525878906,336439.0
2022-02-21,XMME,51.29800033569336,311532.0
2022-02-28,XMME,50.0359992980957,606784.0
2022-03-07,XMME,48.08700180053711,1009436.0
2022-03-14,XMME,50.2140007019043,539694.0
2022-03-21,XMME,50.02799987792969,224524.0
2022-03-28,XMME,50.917999267578125,306716.0
2022-04-04,XMME,50.90800094604492,260043.0
2022-04-11,XMME,50.54399871826172,229988.0
2022-04-18,XMME,48.7869987487793,308264.0
2022-04-25,XMME,50.237998962402344,269097.0
2022-05-02,XMME,47.869998931884766,209914.0
2022-05-09,XMME,47.74399948120117,220157.0
2022-05-16,XMME,47.78799819946289,208735.0
2022-05-23,XMME,48.02899932861328,88322.0
2022-05-30,XMME,48.444000244140625,217439.0
2022-06-06,XMME,48.38199996948242,460646.0
2022-06-13,XMME,46.91999816894531,118948.0
2022-06-20,XMME,47.43299865722656,98237.0
2022-06-27,XMME,47.222999572753906,243523.0
2022-07-04,XMME,48.823001861572266,149724.0
2022-07-11,XMME,47.30099868774414,120204.0
2022-07-18,XMME,47.922000885009766,125393.0
2022-07-25,XMME,48.20800018310547,107485.0
2022-08-01,XMME,48.6150016784668,223293.0
2022-08-08,XMME,49.249000549316406,87731.0
2022-08-15,XMME,49.106998443603516,142249.0
2022-08-22,XMME,49.85300064086914,253417.0
2022-08-29,XMME,48.39799880981445,212452.0
2022-09-05,XMME,48.1609992980957,257762.0
2022-09-12,XMME,46.61800003051758,400028.0
2022-09-19,XMME,45.92399978637695,115963.0
2022-09-26,XMME,44.513999938964844,161179.0
2022-10-03,XMME,45.37200164794922,204765.0
2022-10-10,XMME,43.81800079345703,338476.0
2022-10-17,XMME,44.060001373291016,252006.0
2022-10-24,XMME,42.3849983215332,278852.0
2022-10-31,XMME,44.86800003051758,180140.0
2022-11-07,XMME,45.492000579833984,145127.0
2022-11-14,XMME,45.45100021362305,707298.0
2022-11-21,XMME,45.06100082397461,123835.0
2022-11-28,XMME,46.6349983215332,312900.0
2022-12-05,XMME,46.24599838256836,600405.0
2022-12-12,XMME,44.96799850463867,159127.0
2022-12-19,XMME,44.68199920654297,149001.0
2022-12-26,XMME,44.82500076293945,257071.0
2023-01-02,XMME,47.07699966430664,263313.0
2023-01-09,XMME,47.72700119018555,380107.0
2023-01-16,XMME,48.369998931884766,301308.0
2023-01-23,XMME,49.097999572753906,173930.0
2023-01-30,XMME,48.029998779296875,362613.0
2023-02-06,XMME,47.597999572753906,220315.0
2023-02-13,XMME,46.96900177001953,234397.0
2023-02-20,XMME,45.834999084472656,138333.0
2023-02-27,XMME,47.0369987487793,354534.0
2023-03-06,XMME,45.39799880981445,208662.0
2023-03-13,XMME,44.63399887084961,299832.0
2023-03-20,XMME,45.30799865722656,155121.0
2023-03-27,XMME,46.07699966430664,190917.0
2023-04-03,XMME,45.60300064086914,181423.0
2023-04-10,XMME,45.720001220703125,177970.0
2023-04-17,XMME,44.99399948120117,319409.0
2023-04-24,XMME,44.957000732421875,308335.0
2023-05-01,XMME,45.1619987487793,259739.0
2023-05-08,XMME,45.0359992980957,195381.0
2023-05-15,XMME,45.71099853515625,125818.0
2023-05-22,XMME,46.20100021362305,145112.0
2023-05-29,XMME,46.659000396728516,158415.0
2023-06-05,XMME,47.28499984741211,146267.0
2023-06-12,XMME,47.608001708984375,169714.0
2023-06-19,XMME,45.849998474121094,161008.0
2023-06-26,XMME,46.25,242937.0
2023-07-03,XMME,45.8120002746582,193356.0
2023-07-10,XMME,46.630001068115234,143301.0
2023-07-17,XMME,46.308998107910156,162823.0
2023-07-24,XMME,48.51499938964844,278280.0
2023-07-31,XMME,47.20600128173828,343677.0
2023-08-07,XMME,46.04600143432617,131908.0
2023-08-14,XMME,45.15700149536133,141378.0
2023-08-21,XMME,46.04499816894531,113648.0
2023-08-28,XMME,46.9370002746582,114723.0
2023-09-04,XMME,46.29100036621094,116877.0
2023-09-11,XMME,46.95000076293945,89973.0
2023-09-18,XMME,46.29899978637695,116478.0
2023-09-25,XMME,45.98500061035156,96046.0
2023-10-02,XMME,45.56800079345703,186581.0
2023-10-09,XMME,46.12099838256836,189399.0
2023-10-16,XMME,44.47200012207031,290708.0
2023-10-23,XMME,44.250999450683594,132328.0
2023-10-30,XMME,45.80699920654297,248923.0
2023-11-06,XMME,45.67100143432617,328983.0
2023-11-13,XMME,46.108001708984375,151427.0
2023-11-20,XMME,46.084999084472656,113426.0
2023-11-27,XMME,46.43000030517578,215568.0
2023-12-04,XMME,46.310001373291016,78375.0
2023-12-11,XMME,47.097999572753906,420000.0
2023-12-18,XMME,46.604000091552734,329929.0
2023-12-25,XMME,47.465999603271484,76487.0
2024-01-01,XMME,47.053001403808594,151955.0
2024-01-08,XMME,46.70399856567383,162006.0
2024-01-15,XMME,45.520999908447266,1257463.0
2024-01-22,XMME,46.68000030517578,179173.0
2024-01-29,XMME,46.617000579833984,217834.0
2024-02-05,XMME,47.678001403808594,205158.0
2024-02-12,XMME,48.66699981689453,263928.0
2024-02-19,XMME,48.91600036621094,176708.0
2024-02-26,XMME,48.900001525878906,223232.0
2024-03-04,XMME,48.930999755859375,246626.0
2024-03-11,XMME,49.07099914550781,153496.0
2024-03-18,XMME,49.566001892089844,155573.0
2024-03-25,XMME,49.94599914550781,121972.0
2024-04-01,XMME,49.92499923706055,191086.0
2024-04-08,XMME,50.18600082397461,163723.0
2024-04-15,XMME,48.89500045776367,181948.0
2024-04-22,XMME,50.45600128173828,108929.0
2024-04-29,XMME,51.54999923706055,327192.0
2024-05-06,XMME,51.72999954223633,195952.0
2024-05-13,XMME,52.847999572753906,178465.0
2024-05-20,XMME,51.99599838256836,167062.0
2024-05-27,XMME,50.25199890136719,144997.0
2024-06-03,XMME,51.4379997253418,281502.0
2024-06-10,XMME,52.263999938964844,433525.0
2024-06-17,XMME,52.91400146484375,207425.0
2024-06-24,XMME,52.81800079345703,158689.0
2024-07-01,XMME,53.22800064086914,207983.0
2024-07-08,XMME,54.12200164794922,167340.0
2024-07-15,XMME,52.099998474121094,179719.0
2024-07-22,XMME,51.7239990234375,122604.0
2024-07-29,XMME,50.417999267578125,345783.0
2024-08-05,XMME,51.013999938964844,309252.0
2024-08-12,XMME,52.27399826049805,168302.0
2024-08-19,XMME,52.119998931884766,96685.0
2024-08-26,XMME,52.02000045776367,103724.0
2024-09-02,XMME,50.237998962402344,236186.0
2024-09-09,XMME,51.41400146484375,141981.0
2024-09-16,XMME,52.11600112915039,138147.0
2024-09-23,XMME,55.46799850463867,173016.0
2024-09-30,XMME,56.41600036621094,213190.0
2024-10-07,XMME,56.02799987792969,197170.0
2024-10-14,XMME,56.071998596191406,191736.0
2024-10-21,XMME,55.29600143432617,233470.0
2024-10-28,XMME,54.54399871826172,255091.0
2024-11-04,XMME,54.95000076293945,231739.0
2024-11-11,XMME,53.86000061035156,210836.0
2024-11-18,XMME,54.81399917602539,205253.0
2024-11-25,XMME,54.071998596191406,169866.0
2024-12-02,XMME,54.922000885009766,268688.0
2024-12-09,XMME,55.369998931884766,308027.0
2024-12-16,XMME,54.560001373291016,233938.0
2024-12-23,XMME,54.37200164794922,87819.0
2024-12-30,XMME,54.849998474121094,170465.0
2025-01-06,XMME,53.78200149536133,272654.0
2025-01-13,XMME,55.03799819946289,210040.0
2025-01-20,XMME,54.891998291015625,162475.0
2025-01-27,XMME,55.73400115966797,268961.0
2025-02-03,XMME,56.17399978637695,422980.0
2025-02-10,XMME,56.4640007019043,186541.0
2025-02-17,XMME,57.93600082397461,275214.0
2025-02-24,XMME,55.487998962402344,235552.0
2025-03-03,XMME,54.5099983215332,384681.0
2025-03-10,XMME,54.720001220703125,338069.0
2025-03-17,XMME,55.268001556396484,362945.0
2025-03-24,XMME,54.35200119018555,303527.0
2025-03-31,XMME,49.577999114990234,465104.0
2025-04-07,XMME,48.66999816894531,413539.0
2025-04-14,XMME,49.75600051879883,201425.0
2025-04-21,XMME,51.194000244140625,236107.0
2025-04-28,XMME,53.38399887084961,315354.0
2025-05-05,XMME,53.7760009765625,346159.0
2025-05-12,XMME,55.82600021362305,282428.0
2025-05-19,XMME,54.81800079345703,335400.0
2025-05-26,XMME,53.96200180053711,189908.0
2025-06-02,XMME,55.35200119018555,313785.0
2025-06-09,XMME,55.0260009765625,177288.0
2025-06-16,XMME,54.7599983215332,257911.0
2025-06-23,XMME,55.970001220703125,224533.0
2025-06-30,XMME,55.827999114990234,287603.0
2025-07-07,XMME,56.152000427246094,244237.0
2025-07-14,XMME,57.58000183105469,232815.0
2025-07-21,XMME,57.31800079345703,196422.0
2025-07-28,XMME,56.779998779296875,216464.0
2025-08-04,XMME,57.65800094604492,322184.0
2025-08-11,XMME,58.0620002746582,207767.0
2025-08-18,XMME,58.805999755859375,145711.0
2025-08-25,XMME,57.917999267578125,195419.0
2025-09-01,XMME,58.41400146484375,466925.0
2025-09-08,XMME,60.66999816894531,244648.0
2025-09-15,XMME,61.400001525878906,341467.0
2025-09-22,XMME,61.194000244140625,261825.0
2020-01-06,EUNU,4.119820594787598,79182.0
2020-01-13,EUNU,4.091291427612305,301765.0
2020-01-20,EUNU,4.176369667053223,81125.0
2020-01-27,EUNU,4.1893229484558105,141061.0
2020-02-03,EUNU,4.206743240356445,282417.0
2020-02-10,EUNU,4.247213363647461,62971.0
2020-02-17,EUNU,4.244622230529785,158432.0
2020-02-24,EUNU,4.245604991912842,343686.0
2020-03-02,EUNU,4.230149269104004,318167.0
2020-03-09,EUNU,4.122678279876709,186651.0
2020-03-16,EUNU,4.1429572105407715,211620.0
2020-03-23,EUNU,4.098914623260498,80451.0
2020-03-30,EUNU,4.223448753356934,51222.0
2020-04-06,EUNU,4.209512233734131,99745.0
2020-04-13,EUNU,4.2582902908325195,76464.0
2020-04-20,EUNU,4.264096736907959,152325.0
2020-04-27,EUNU,4.2530198097229,43883.0
2020-05-04,EUNU,4.271780490875244,132222.0
2020-05-11,EUNU,4.27240514755249,90816.0
2020-05-18,EUNU,4.259541988372803,400496.0
2020-05-25,EUNU,4.2018303871154785,227345.0
2020-06-01,EUNU,4.1377763748168945,315878.0
2020-06-08,EUNU,4.194593906402588,430613.0
2020-06-15,EUNU,4.205671310424805,158649.0
2020-06-22,EUNU,4.202812671661377,197397.0
2020-06-29,EUNU,4.20745849609375,303231.0
2020-07-06,EUNU,4.207279205322266,294514.0
2020-07-13,EUNU,4.1477813720703125,157304.0
2020-07-20,EUNU,4.1474289894104,155174.0
2020-07-27,EUNU,4.113500595092773,202787.0
2020-08-03,EUNU,4.127270221710205,312798.0
2020-08-10,EUNU,4.084162712097168,203880.0
2020-08-17,EUNU,4.112240791320801,195272.0
2020-08-24,EUNU,4.074172019958496,149466.0
2020-08-31,EUNU,4.105581283569336,377876.0
2020-09-07,EUNU,4.097211837768555,57506.0
2020-09-14,EUNU,4.108011245727539,135773.0
2020-09-21,EUNU,4.14832878112793,116380.0
2020-09-28,EUNU,4.134739875793457,352392.0
2020-10-05,EUNU,4.1079206466674805,130208.0
2020-10-12,EUNU,4.149229526519775,199892.0
2020-10-19,EUNU,4.109091281890869,156259.0
2020-10-26,EUNU,4.159849643707275,292085.0
2020-11-02,EUNU,4.125830173492432,282518.0
2020-11-09,EUNU,4.129250526428223,107172.0
2020-11-16,EUNU,4.148869037628174,127316.0
2020-11-23,EUNU,4.1198906898498535,159495.0
2020-11-30,EUNU,4.077053546905518,603217.0
2020-12-07,EUNU,4.1008124351501465,258557.0
2020-12-14,EUNU,4.073902606964111,236442.0
2020-12-21,EUNU,4.075252532958984,242788.0
2020-12-28,EUNU,4.063013076782227,123955.0
2021-01-04,EUNU,4.059234142303467,206779.0
2021-01-11,EUNU,4.073632717132568,92643.0
2021-01-18,EUNU,4.075030326843262,150343.0
2021-01-25,EUNU,4.078744411468506,91927.0
2021-02-01,EUNU,4.088347911834717,123673.0
2021-02-08,EUNU,4.072041034698486,95275.0
2021-02-15,EUNU,4.0405144691467285,248940.0
2021-02-22,EUNU,4.007900714874268,817203.0
2021-03-01,EUNU,4.043322563171387,1049245.0
2021-03-08,EUNU,4.026925563812256,318598.0
2021-03-15,EUNU,4.028555870056152,116687.0
2021-03-22,EUNU,4.061079025268555,335771.0
2021-03-29,EUNU,4.063886642456055,105727.0
2021-04-05,EUNU,4.040332794189453,343139.0
2021-04-12,EUNU,4.031455039978027,152727.0
2021-04-19,EUNU,4.023392677307129,243423.0
2021-04-26,EUNU,4.013971328735352,127802.0
2021-05-03,EUNU,4.003190517425537,172686.0
2021-05-10,EUNU,3.9869747161865234,288285.0
2021-05-17,EUNU,3.9835317134857178,109277.0
2021-05-24,EUNU,3.9908699989318848,226955.0
2021-05-31,EUNU,4.005998611450195,403601.0
2021-06-07,EUNU,4.03181791305542,110582.0
2021-06-14,EUNU,4.075483798980713,217131.0
2021-06-21,EUNU,4.04676628112793,284414.0
2021-06-28,EUNU,4.079288959503174,135007.0
2021-07-05,EUNU,4.096138954162598,318274.0
2021-07-12,EUNU,4.089797496795654,339224.0
2021-07-19,EUNU,4.13763427734375,160384.0
2021-07-26,EUNU,4.128427982330322,492054.0
2021-08-02,EUNU,4.1471147537231445,213427.0
2021-08-09,EUNU,4.13918399810791,242685.0
2021-08-16,EUNU,4.166985511779785,214461.0
2021-08-23,EUNU,4.132073879241943,71815.0
2021-08-30,EUNU,4.112020015716553,131363.0
2021-09-06,EUNU,4.12113618850708,154694.0
2021-09-13,EUNU,4.13344144821167,123027.0
2021-09-20,EUNU,4.123141765594482,104217.0
2021-09-27,EUNU,4.14046049118042,223941.0
2021-10-04,EUNU,4.119403839111328,315692.0
2021-10-11,EUNU,4.120588779449463,437515.0
2021-10-18,EUNU,4.099532127380371,97751.0
2021-10-25,EUNU,4.130707263946533,124754.0
2021-11-01,EUNU,4.161425590515137,326965.0
2021-11-08,EUNU,4.167441368103027,353471.0
2021-11-15,EUNU,4.2101006507873535,103213.0
2021-11-22,EUNU,4.202718257904053,271357.0
2021-11-29,EUNU,4.226417541503906,513638.0
2021-12-06,EUNU,4.219491481781006,212096.0
2021-12-13,EUNU,4.238450050354004,218842.0
2021-12-20,EUNU,4.19916296005249,138210.0
2021-12-27,EUNU,4.185763359069824,352111.0
2022-01-03,EUNU,4.139092922210693,259899.0
2022-01-10,EUNU,4.110197067260742,610834.0
2022-01-17,EUNU,4.149552345275879,88359.0
2022-01-24,EUNU,4.170562267303467,314371.0
2022-01-31,EUNU,4.053035736083984,180874.0
2022-02-07,EUNU,4.032944679260254,529756.0
2022-02-14,EUNU,4.062761306762695,286703.0
2022-02-21,EUNU,4.069917678833008,298821.0
2022-02-28,EUNU,4.209554672241211,285625.0
2022-03-07,EUNU,4.116340160369873,539204.0
2022-03-14,EUNU,4.0616607666015625,736231.0
2022-03-21,EUNU,4.0248703956604,488097.0
2022-03-28,EUNU,4.018998622894287,690219.0
2022-04-04,EUNU,4.009732723236084,524986.0
2022-04-11,EUNU,4.009090423583984,285819.0
2022-04-18,EUNU,3.951474905014038,416700.0
2022-04-25,EUNU,4.00275993347168,360600.0
2022-05-02,EUNU,3.9430336952209473,282870.0
2022-05-09,EUNU,4.0183563232421875,444847.0
2022-05-16,EUNU,3.9924845695495605,399696.0
2022-05-23,EUNU,3.977346897125244,221263.0
2022-05-30,EUNU,3.920372724533081,147176.0
2022-06-06,EUNU,3.9011056423187256,98999.0
2022-06-13,EUNU,3.8725736141204834,760755.0
2022-06-20,EUNU,3.8854172229766846,172537.0
2022-06-27,EUNU,3.962667226791382,181784.0
2022-07-04,EUNU,3.996521234512329,106260.0
2022-07-11,EUNU,4.01331090927124,125613.0
2022-07-18,EUNU,4.046554088592529,173572.0
2022-07-25,EUNU,4.106462001800537,125781.0
2022-08-01,EUNU,4.076970100402832,107837.0
2022-08-08,EUNU,4.060606002807617,69472.0
2022-08-15,EUNU,4.057371139526367,73816.0
2022-08-22,EUNU,4.053394794464111,120477.0
2022-08-29,EUNU,3.990898847579956,418217.0
2022-09-05,EUNU,3.95733904838562,125318.0
2022-09-12,EUNU,3.9305288791656494,124760.0
2022-09-19,EUNU,3.9504058361053467,378791.0
2022-09-26,EUNU,3.8966915607452393,276228.0
2022-10-03,EUNU,3.8798656463623047,138861.0
2022-10-10,EUNU,3.842886447906494,88251.0
2022-10-17,EUNU,3.810713291168213,136459.0
2022-10-24,EUNU,3.8251349925994873,116076.0
2022-10-31,EUNU,3.8181090354919434,160678.0
2022-11-07,EUNU,3.796753406524658,165644.0
2022-11-14,EUNU,3.8103435039520264,251674.0
2022-11-21,EUNU,3.820234775543213,192020.0
2022-11-28,EUNU,3.840944766998291,133376.0
2022-12-05,EUNU,3.8394649028778076,210853.0
2022-12-12,EUNU,3.8045191764831543,357839.0
2022-12-19,EUNU,3.7751190662384033,142571.0
2022-12-26,EUNU,3.7381393909454346,345212.0
2023-01-02,EUNU,3.8080320358276367,127914.0
2023-01-09,EUNU,3.774934768676758,412159.0
2023-01-16,EUNU,3.803765058517456,223106.0
2023-01-23,EUNU,3.7920095920562744,225443.0
2023-01-30,EUNU,3.8010594844818115,460695.0
2023-02-06,EUNU,3.801525592803955,147461.0
2023-02-13,EUNU,3.7656071186065674,76426.0
2023-02-20,EUNU,3.7648603916168213,203222.0
2023-02-27,EUNU,3.7413501739501953,147422.0
2023-03-06,EUNU,3.760382652282715,124514.0
2023-03-13,EUNU,3.834926128387451,267484.0
2023-03-20,EUNU,3.8379108905792236,99001.0
2023-03-27,EUNU,3.776242733001709,755026.0
2023-04-03,EUNU,3.7974209785461426,135113.0
2023-04-10,EUNU,3.7387378215789795,691209.0
2023-04-17,EUNU,3.727262258529663,201151.0
2023-04-24,EUNU,3.734912872314453,127098.0
2023-05-01,EUNU,3.7463884353637695,442505.0
2023-05-08,EUNU,3.787811279296875,207716.0
2023-05-15,EUNU,3.753011703491211,106922.0
2023-05-22,EUNU,3.740043878555298,279694.0
2023-05-29,EUNU,3.775869846343994,246846.0
2023-06-05,EUNU,3.763833999633789,380057.0
2023-06-12,EUNU,3.7176527976989746,229575.0
2023-06-19,EUNU,3.720078706741333,235027.0
2023-06-26,EUNU,3.7072973251342773,127782.0
2023-07-03,EUNU,3.666060447692871,164064.0
2023-07-10,EUNU,3.611388921737671,194205.0
2023-07-17,EUNU,3.6743264198303223,151855.0
2023-07-24,EUNU,3.6914050579071045,103852.0
2023-07-31,EUNU,3.6594178676605225,387344.0
2023-08-07,EUNU,3.6563987731933594,168278.0
2023-08-14,EUNU,3.656776189804077,100516.0
2023-08-21,EUNU,3.688291311264038,44829.0
2023-08-28,EUNU,3.698481798171997,111321.0
2023-09-04,EUNU,3.695178985595703,109776.0
2023-09-11,EUNU,3.704803466796875,48891.0
2023-09-18,EUNU,3.689234495162964,58736.0
2023-09-25,EUNU,3.6792330741882324,154492.0
2023-10-02,EUNU,3.6514923572540283,101836.0
2023-10-09,EUNU,3.695651054382324,82896.0
2023-10-16,EUNU,3.6325268745422363,78864.0
2023-10-23,EUNU,3.6409244537353516,43790.0
2023-10-30,EUNU,3.6666834354400635,242057.0
2023-11-06,EUNU,3.667816162109375,86518.0
2023-11-13,EUNU,3.6650798320770264,448893.0
2023-11-20,EUNU,3.6594178676605225,121200.0
2023-11-27,EUNU,3.732921600341797,128481.0
2023-12-04,EUNU,3.777740716934204,43606.0
2023-12-11,EUNU,3.820767402648926,196517.0
2023-12-18,EUNU,3.8060474395751953,227673.0
2023-12-25,EUNU,3.801801919937134,68942.0
2024-01-01,EUNU,3.788875102996826,148700.0
2024-01-08,EUNU,3.7535858154296875,195236.0
2024-01-15,EUNU,3.7718749046325684,56609.0
2024-01-22,EUNU,3.786978244781494,377577.0
2024-01-29,EUNU,3.817375659942627,251262.0
2024-02-05,EUNU,3.7891767024993896,110860.0
2024-02-12,EUNU,3.783919095993042,122805.0
2024-02-19,EUNU,3.787360668182373,194996.0
2024-02-26,EUNU,3.7898457050323486,94000.0
2024-03-04,EUNU,3.7977800369262695,982814.0
2024-03-11,EUNU,3.7761764526367188,205336.0
2024-03-18,EUNU,3.8039932250976562,251465.0
2024-03-25,EUNU,3.819383144378662,157135.0
2024-04-01,EUNU,3.7820074558258057,158523.0
2024-04-08,EUNU,3.8073389530181885,2093319.0
2024-04-15,EUNU,3.7779929637908936,243425.0
2024-04-22,EUNU,3.761168956756592,213460.0
2024-04-29,EUNU,3.781912088394165,209946.0
2024-05-06,EUNU,3.77091908454895,463539.0
2024-05-13,EUNU,3.7690072059631348,157290.0
2024-05-20,EUNU,3.751514196395874,177562.0
2024-05-27,EUNU,3.7472126483917236,768059.0
2024-06-03,EUNU,3.77541184425354,250553.0
2024-06-10,EUNU,3.8359200954437256,189898.0
2024-06-17,EUNU,3.827316999435425,235017.0
2024-06-24,EUNU,3.8035151958465576,222774.0
2024-07-01,EUNU,3.789367914199829,235465.0
2024-07-08,EUNU,3.7963459491729736,205956.0
2024-07-15,EUNU,3.7483599185943604,242678.0
2024-07-22,EUNU,3.8249309062957764,169007.0
2024-07-29,EUNU,3.8929855823516846,376846.0
2024-08-05,EUNU,3.878056287765503,374178.0
2024-08-12,EUNU,3.8647751808166504,210471.0
2024-08-19,EUNU,3.8520753383636475,83464.0
2024-08-26,EUNU,3.874469518661499,347127.0
2024-09-02,EUNU,3.9069457054138184,260195.0
2024-09-09,EUNU,3.9273037910461426,288043.0
2024-09-16,EUNU,3.900644540786743,245630.0
2024-09-23,EUNU,3.9008381366729736,343323.0
2024-09-30,EUNU,3.896960735321045,596429.0
2024-10-07,EUNU,3.8918228149414062,434945.0
2024-10-14,EUNU,3.917900323867798,452684.0
2024-10-21,EUNU,3.897736072540283,712825.0
2024-10-28,EUNU,3.872239828109741,658726.0
2024-11-04,EUNU,3.920517921447754,584793.0
2024-11-11,EUNU,3.935932159423828,875778.0
2024-11-18,EUNU,3.9903178215026855,629062.0
2024-11-25,EUNU,4.000594139099121,666947.0
2024-12-02,EUNU,4.00592565536499,419186.0
2024-12-09,EUNU,3.9874095916748047,443272.0
2024-12-16,EUNU,3.9769396781921387,601730.0
2024-12-23,EUNU,3.964433431625366,97105.0
2024-12-30,EUNU,4.006119728088379,183090.0
2025-01-06,EUNU,3.981011390686035,567664.0
2025-01-13,EUNU,3.9324421882629395,385945.0
2025-01-20,EUNU,3.946228265762329,745610.0
2025-01-27,EUNU,4.003248691558838,632951.0
2025-02-03,EUNU,4.042936325073242,1087410.0
2025-02-10,EUNU,3.9941883087158203,376880.0
2025-02-17,EUNU,4.011717796325684,376762.0
2025-02-24,EUNU,4.0480570793151855,342999.0
2025-03-03,EUNU,3.908115863800049,416740.0
2025-03-10,EUNU,3.8866469860076904,329572.0
2025-03-17,EUNU,3.9149112701416016,391351.0
2025-03-24,EUNU,3.9082143306732178,213883.0
2025-03-31,EUNU,3.9293878078460693,310240.0
2025-04-07,EUNU,3.7709319591522217,387761.0
2025-04-14,EUNU,3.81101393699646,121561.0
2025-04-21,EUNU,3.8159377574920654,545325.0
2025-04-28,EUNU,3.8274600505828857,235266.0
2025-05-05,EUNU,3.838982343673706,261365.0
2025-05-12,EUNU,3.859761953353882,317273.0
2025-05-19,EUNU,3.8141651153564453,306280.0
2025-05-26,EUNU,3.830709934234619,779889.0
2025-06-02,EUNU,3.8158395290374756,300281.0
2025-06-09,EUNU,3.786491870880127,366852.0
2025-06-16,EUNU,3.8012642860412598,348970.0
2025-06-23,EUNU,3.7756590843200684,198458.0
2025-06-30,EUNU,3.7598037719726562,1408566.0
2025-07-07,EUNU,3.750645160675049,248219.0
2025-07-14,EUNU,3.7023894786834717,212984.0
2025-07-21,EUNU,3.7446000576019287,194260.0
2025-07-28,EUNU,3.808000087738037,861052.0
2025-08-04,EUNU,3.782599925994873,382351.0
2025-08-11,EUNU,3.769200086593628,135897.0
2025-08-18,EUNU,3.7757999897003174,196726.0
2025-08-25,EUNU,3.785399913787842,254757.0
2025-09-01,EUNU,3.7953999042510986,140021.0
2025-09-08,EUNU,3.8020999431610107,170815.0
2025-09-15,EUNU,3.7945001125335693,309605.0
2025-09-22,EUNU,3.793100118637085,246336.0
